n,W,b,Tiempo,Metodo
1000,1000,2406,4.05194,Dinamica_Top_Down
2000,1000,3646,8.15251,Dinamica_Top_Down
3000,1000,4362,12.2381,Dinamica_Top_Down
4000,1000,4558,16.2793,Dinamica_Top_Down
5000,1000,5854,20.2752,Dinamica_Top_Down
6000,1000,6481,24.3247,Dinamica_Top_Down
7000,1000,7302,28.4642,Dinamica_Top_Down
8000,1000,6809,32.4771,Dinamica_Top_Down
9000,1000,7345,36.6958,Dinamica_Top_Down
10000,1000,8220,40.4795,Dinamica_Top_Down
11000,1000,8504,44.7475,Dinamica_Top_Down
12000,1000,8739,63.0251,Dinamica_Top_Down
13000,1000,9231,69.0154,Dinamica_Top_Down
14000,1000,9053,74.3481,Dinamica_Top_Down
15000,1000,9666,79.6995,Dinamica_Top_Down
16000,1000,10453,84.5479,Dinamica_Top_Down
17000,1000,9283,90.2947,Dinamica_Top_Down
18000,1000,10413,96.2781,Dinamica_Top_Down
19000,1000,10712,101.359,Dinamica_Top_Down
1000,2000,2060,8.105,Dinamica_Top_Down
2000,2000,3702,16.3801,Dinamica_Top_Down
3000,2000,4137,24.2505,Dinamica_Top_Down
4000,2000,5213,32.4466,Dinamica_Top_Down
5000,2000,6424,40.5197,Dinamica_Top_Down
6000,2000,5911,48.5269,Dinamica_Top_Down
7000,2000,5838,56.5626,Dinamica_Top_Down
8000,2000,7241,64.5608,Dinamica_Top_Down
9000,2000,8003,72.7276,Dinamica_Top_Down
10000,2000,7153,80.6577,Dinamica_Top_Down
11000,2000,8200,89.1537,Dinamica_Top_Down
12000,2000,8979,96.9742,Dinamica_Top_Down
13000,2000,8850,105.333,Dinamica_Top_Down
14000,2000,9433,112.892,Dinamica_Top_Down
15000,2000,10141,121.46,Dinamica_Top_Down
16000,2000,8969,128.87,Dinamica_Top_Down
17000,2000,10260,138.383,Dinamica_Top_Down
1000,3000,2207,12.0706,Dinamica_Top_Down
2000,3000,3382,24.5615,Dinamica_Top_Down
3000,3000,4526,36.3814,Dinamica_Top_Down
4000,3000,4732,48.4174,Dinamica_Top_Down
5000,3000,5065,60.2465,Dinamica_Top_Down
6000,3000,6234,72.9833,Dinamica_Top_Down
7000,3000,6580,84.5766,Dinamica_Top_Down
8000,3000,6567,97.6025,Dinamica_Top_Down
9000,3000,7356,125.38,Dinamica_Top_Down
10000,3000,7789,139.516,Dinamica_Top_Down
11000,3000,8252,154.342,Dinamica_Top_Down
12000,3000,8722,167.037,Dinamica_Top_Down
13000,3000,9356,181.371,Dinamica_Top_Down
14000,3000,9839,195.325,Dinamica_Top_Down
15000,3000,10165,209.681,Dinamica_Top_Down
16000,3000,10344,222.474,Dinamica_Top_Down
17000,3000,10754,238.777,Dinamica_Top_Down
1000,1000,2821,3.58378,Dinamica_Top_Down
2000,1000,3693,7.17524,Dinamica_Top_Down
3000,1000,5083,10.7864,Dinamica_Top_Down
4000,1000,4992,14.3165,Dinamica_Top_Down
5000,1000,5394,17.9257,Dinamica_Top_Down
6000,1000,6047,21.5537,Dinamica_Top_Down
7000,1000,7251,25.1555,Dinamica_Top_Down
8000,1000,7157,28.5857,Dinamica_Top_Down
9000,1000,7924,32.4318,Dinamica_Top_Down
10000,1000,7671,35.7522,Dinamica_Top_Down
11000,1000,8306,39.6697,Dinamica_Top_Down
12000,1000,8528,42.8249,Dinamica_Top_Down
13000,1000,9111,46.627,Dinamica_Top_Down
14000,1000,8713,49.918,Dinamica_Top_Down
15000,1000,9515,54.2817,Dinamica_Top_Down
16000,1000,9252,57.2136,Dinamica_Top_Down
17000,1000,10021,61.4199,Dinamica_Top_Down
18000,1000,11223,64.6964,Dinamica_Top_Down
19000,1000,11462,68.4997,Dinamica_Top_Down
1000,2000,2522,8.12142,Dinamica_Top_Down
2000,2000,3874,16.2852,Dinamica_Top_Down
3000,2000,4352,24.306,Dinamica_Top_Down
4000,2000,5349,32.3782,Dinamica_Top_Down
5000,2000,5559,40.5354,Dinamica_Top_Down
6000,2000,5637,48.4308,Dinamica_Top_Down
7000,2000,6328,56.4534,Dinamica_Top_Down
8000,2000,7096,64.7131,Dinamica_Top_Down
1000,1000,2352,4.08964,Dinamica_Top_Down
2000,1000,3536,8.12446,Dinamica_Top_Down
3000,1000,4100,12.1996,Dinamica_Top_Down
4000,1000,4577,16.1701,Dinamica_Top_Down
5000,1000,5333,20.3988,Dinamica_Top_Down
6000,1000,6192,24.3354,Dinamica_Top_Down
7000,1000,6020,28.4656,Dinamica_Top_Down
8000,1000,7074,32.2975,Dinamica_Top_Down
9000,1000,6490,36.8748,Dinamica_Top_Down
10000,1000,7810,40.9103,Dinamica_Top_Down
11000,1000,8375,44.5343,Dinamica_Top_Down
12000,1000,8555,59.3843,Dinamica_Top_Down
13000,1000,8738,68.4469,Dinamica_Top_Down
14000,1000,9167,73.6383,Dinamica_Top_Down
15000,1000,9646,78.8939,Dinamica_Top_Down
16000,1000,9998,84.8644,Dinamica_Top_Down
17000,1000,10278,90.1282,Dinamica_Top_Down
18000,1000,11346,96.1072,Dinamica_Top_Down
19000,1000,10721,100.875,Dinamica_Top_Down
1000,20000,2595,1015.43,Dinamica_Top_Down
1000,20000,2696,71.8252,Dinamica_Top_Down
1000,1000,2198,4.04305,Dinamica_Top_Down
2000,1000,3571,8.1646,Dinamica_Top_Down
3000,1000,4049,12.1459,Dinamica_Top_Down
4000,1000,5572,16.3055,Dinamica_Top_Down
5000,1000,5667,20.2631,Dinamica_Top_Down
6000,1000,5897,24.375,Dinamica_Top_Down
7000,1000,6258,28.4472,Dinamica_Top_Down
8000,1000,6871,32.4679,Dinamica_Top_Down
9000,1000,7030,36.6161,Dinamica_Top_Down
1000,2000,2763,8.0371,Dinamica_Top_Down
2000,2000,3508,16.141,Dinamica_Top_Down
3000,2000,4193,24.2925,Dinamica_Top_Down
4000,2000,5233,32.418,Dinamica_Top_Down
5000,2000,5726,40.3493,Dinamica_Top_Down
6000,2000,6193,48.5123,Dinamica_Top_Down
7000,2000,7434,57.0804,Dinamica_Top_Down
8000,2000,7181,64.8014,Dinamica_Top_Down
9000,2000,8136,81.8511,Dinamica_Top_Down
1000,3000,2504,15.7468,Dinamica_Top_Down
2000,3000,3412,31.5157,Dinamica_Top_Down
3000,3000,4521,47.3623,Dinamica_Top_Down
4000,3000,5063,62.9538,Dinamica_Top_Down
5000,3000,5247,78.5579,Dinamica_Top_Down
6000,3000,6349,94.7204,Dinamica_Top_Down
7000,3000,6197,110.372,Dinamica_Top_Down
8000,3000,7411,125.615,Dinamica_Top_Down
9000,3000,7969,142.049,Dinamica_Top_Down
1000,4000,2123,20.8525,Dinamica_Top_Down
2000,4000,4089,42.0773,Dinamica_Top_Down
3000,4000,4341,62.9275,Dinamica_Top_Down
4000,4000,5196,83.9404,Dinamica_Top_Down
5000,4000,6140,105.014,Dinamica_Top_Down
6000,4000,5426,126.086,Dinamica_Top_Down
7000,4000,7156,147.274,Dinamica_Top_Down
8000,4000,6670,169.097,Dinamica_Top_Down
9000,4000,7985,188.661,Dinamica_Top_Down
1000,5000,2406,26.4067,Dinamica_Top_Down
2000,5000,3484,52.4122,Dinamica_Top_Down
3000,5000,4537,78.682,Dinamica_Top_Down
4000,5000,5287,105.089,Dinamica_Top_Down
5000,5000,5676,131.212,Dinamica_Top_Down
6000,5000,6241,157.421,Dinamica_Top_Down
7000,5000,6247,183.375,Dinamica_Top_Down
8000,5000,7395,210.701,Dinamica_Top_Down
9000,5000,7770,236.075,Dinamica_Top_Down
1000,6000,2519,31.4678,Dinamica_Top_Down
2000,6000,3863,62.8327,Dinamica_Top_Down
3000,6000,4148,91.6905,Dinamica_Top_Down
4000,6000,5614,111.311,Dinamica_Top_Down
5000,6000,6072,139.438,Dinamica_Top_Down
6000,6000,6112,167.467,Dinamica_Top_Down
7000,6000,6789,194.567,Dinamica_Top_Down
8000,6000,6887,223.138,Dinamica_Top_Down
9000,6000,7169,251.543,Dinamica_Top_Down
1000,7000,2781,32.6204,Dinamica_Top_Down
2000,7000,3743,65.0797,Dinamica_Top_Down
3000,7000,4501,97.711,Dinamica_Top_Down
4000,7000,5590,130.224,Dinamica_Top_Down
5000,7000,5741,162.295,Dinamica_Top_Down
6000,7000,5920,194.76,Dinamica_Top_Down
7000,7000,6691,227.309,Dinamica_Top_Down
8000,7000,7155,260.017,Dinamica_Top_Down
9000,7000,8282,293.07,Dinamica_Top_Down
1000,8000,2948,37.2692,Dinamica_Top_Down
2000,8000,4125,74.3368,Dinamica_Top_Down
3000,8000,5054,111.719,Dinamica_Top_Down
4000,8000,4931,148.211,Dinamica_Top_Down
5000,8000,5370,185.888,Dinamica_Top_Down
6000,8000,6652,221.025,Dinamica_Top_Down
7000,8000,6750,225.103,Dinamica_Top_Down
8000,8000,7839,258.615,Dinamica_Top_Down
9000,8000,7564,292.534,Dinamica_Top_Down
1000,9000,2802,36.4525,Dinamica_Top_Down
2000,9000,3651,72.4889,Dinamica_Top_Down
3000,9000,5194,109.096,Dinamica_Top_Down
4000,9000,5229,144.857,Dinamica_Top_Down
5000,9000,5814,181.166,Dinamica_Top_Down
6000,9000,5961,217.926,Dinamica_Top_Down
7000,9000,7501,253.841,Dinamica_Top_Down
8000,9000,6433,289.842,Dinamica_Top_Down
9000,9000,7230,326.531,Dinamica_Top_Down
1000,10000,2507,40.3791,Dinamica_Top_Down
2000,10000,3159,80.3211,Dinamica_Top_Down
3000,10000,4878,121.072,Dinamica_Top_Down
4000,10000,4904,160.899,Dinamica_Top_Down
5000,10000,6162,201.644,Dinamica_Top_Down
6000,10000,5740,241.513,Dinamica_Top_Down
7000,10000,6719,299.717,Dinamica_Top_Down
8000,10000,6619,371.252,Dinamica_Top_Down
9000,10000,8032,420.043,Dinamica_Top_Down
1000,11000,2398,51.1879,Dinamica_Top_Down
2000,11000,3582,102.366,Dinamica_Top_Down
3000,11000,3796,153.185,Dinamica_Top_Down
4000,11000,5482,204.04,Dinamica_Top_Down
5000,11000,5948,255.746,Dinamica_Top_Down
6000,11000,6484,305.949,Dinamica_Top_Down
7000,11000,6375,356.229,Dinamica_Top_Down
8000,11000,6380,409.864,Dinamica_Top_Down
9000,11000,7295,458.191,Dinamica_Top_Down
1000,12000,2539,55.8748,Dinamica_Top_Down
2000,12000,3721,111.222,Dinamica_Top_Down
3000,12000,4511,162.371,Dinamica_Top_Down
4000,12000,4463,193.524,Dinamica_Top_Down
5000,12000,6421,242.39,Dinamica_Top_Down
6000,12000,7488,289.901,Dinamica_Top_Down
7000,12000,6932,339.19,Dinamica_Top_Down
8000,12000,7054,385.651,Dinamica_Top_Down
9000,12000,7993,434.58,Dinamica_Top_Down
1000,13000,2797,52.5603,Dinamica_Top_Down
2000,13000,3379,104.963,Dinamica_Top_Down
3000,13000,4494,156.899,Dinamica_Top_Down
4000,13000,4834,209.149,Dinamica_Top_Down
5000,13000,5466,261.941,Dinamica_Top_Down
6000,13000,6478,313.94,Dinamica_Top_Down
7000,13000,7470,366.925,Dinamica_Top_Down
8000,13000,6680,457.491,Dinamica_Top_Down
9000,13000,7274,541.063,Dinamica_Top_Down
1000,14000,2608,65.0989,Dinamica_Top_Down
2000,14000,3549,129.877,Dinamica_Top_Down
3000,14000,4105,195.511,Dinamica_Top_Down
4000,14000,4470,259.949,Dinamica_Top_Down
5000,14000,5812,325.574,Dinamica_Top_Down
6000,14000,6711,389.581,Dinamica_Top_Down
7000,14000,6311,459.37,Dinamica_Top_Down
8000,14000,7811,521.459,Dinamica_Top_Down
9000,14000,7793,563.535,Dinamica_Top_Down
1000,15000,2754,60.4177,Dinamica_Top_Down
2000,15000,3336,120.716,Dinamica_Top_Down
3000,15000,4486,181.12,Dinamica_Top_Down
4000,15000,5075,241.033,Dinamica_Top_Down
5000,15000,5829,302.118,Dinamica_Top_Down
6000,15000,6195,362.224,Dinamica_Top_Down
7000,15000,6684,423.096,Dinamica_Top_Down
8000,15000,7028,483.328,Dinamica_Top_Down
9000,15000,7229,544.124,Dinamica_Top_Down
1000,16000,2105,64.363,Dinamica_Top_Down
2000,16000,3533,129.001,Dinamica_Top_Down
3000,16000,4634,193.948,Dinamica_Top_Down
4000,16000,4924,257.824,Dinamica_Top_Down
5000,16000,6064,357.232,Dinamica_Top_Down
6000,16000,6015,444.883,Dinamica_Top_Down
7000,16000,6887,520.633,Dinamica_Top_Down
8000,16000,7480,595.251,Dinamica_Top_Down
9000,16000,7316,667.145,Dinamica_Top_Down
1000,17000,2482,78.6577,Dinamica_Top_Down
2000,17000,3505,157.975,Dinamica_Top_Down
3000,17000,4705,236.339,Dinamica_Top_Down
4000,17000,4600,314.95,Dinamica_Top_Down
5000,17000,6320,391.719,Dinamica_Top_Down
6000,17000,5606,411.308,Dinamica_Top_Down
7000,17000,7298,478.277,Dinamica_Top_Down
8000,17000,7515,553.096,Dinamica_Top_Down
9000,17000,7891,619.823,Dinamica_Top_Down
1000,18000,2733,72.3353,Dinamica_Top_Down
2000,18000,3677,145.175,Dinamica_Top_Down
3000,18000,4593,217.849,Dinamica_Top_Down
4000,18000,5770,290.479,Dinamica_Top_Down
5000,18000,6038,362.32,Dinamica_Top_Down
6000,18000,6242,435.684,Dinamica_Top_Down
7000,18000,6725,584.707,Dinamica_Top_Down
8000,18000,6751,669.163,Dinamica_Top_Down
9000,18000,6845,753.758,Dinamica_Top_Down
1000,19000,2678,88.115,Dinamica_Top_Down
2000,19000,3470,176.132,Dinamica_Top_Down
3000,19000,4597,264.341,Dinamica_Top_Down
4000,19000,4825,352.27,Dinamica_Top_Down
5000,19000,5355,440.953,Dinamica_Top_Down
6000,19000,6297,505.656,Dinamica_Top_Down
7000,19000,6434,535.806,Dinamica_Top_Down
8000,19000,7379,611.494,Dinamica_Top_Down
9000,19000,6517,685.09,Dinamica_Top_Down
1000,20000,2213,80.331,Dinamica_Top_Down
2000,20000,3965,160.843,Dinamica_Top_Down
3000,20000,3884,240.535,Dinamica_Top_Down
4000,20000,5232,322.546,Dinamica_Top_Down
5000,20000,6286,404.439,Dinamica_Top_Down
6000,20000,6254,483.763,Dinamica_Top_Down
7000,20000,6595,656.829,Dinamica_Top_Down
8000,20000,6897,743.341,Dinamica_Top_Down
9000,20000,7775,836.351,Dinamica_Top_Down
1000,21000,2265,98.6418,Dinamica_Top_Down
2000,21000,3311,194.373,Dinamica_Top_Down
3000,21000,3964,291.576,Dinamica_Top_Down
4000,21000,5480,389.432,Dinamica_Top_Down
5000,21000,6248,481.683,Dinamica_Top_Down
6000,21000,6192,505.312,Dinamica_Top_Down
7000,21000,7492,590.944,Dinamica_Top_Down
8000,21000,7081,675.899,Dinamica_Top_Down
9000,21000,7694,759.227,Dinamica_Top_Down
1000,22000,2642,88.7962,Dinamica_Top_Down
2000,22000,3672,177.295,Dinamica_Top_Down
3000,22000,5206,265.356,Dinamica_Top_Down
4000,22000,5542,353.783,Dinamica_Top_Down
5000,22000,5665,477.649,Dinamica_Top_Down
6000,22000,6474,615.399,Dinamica_Top_Down
7000,22000,6670,712.618,Dinamica_Top_Down
8000,22000,6648,814.916,Dinamica_Top_Down
9000,22000,6562,915.37,Dinamica_Top_Down
1000,23000,2683,106.58,Dinamica_Top_Down
2000,23000,3924,212.585,Dinamica_Top_Down
3000,23000,5032,283.826,Dinamica_Top_Down
4000,23000,5466,371.724,Dinamica_Top_Down
5000,23000,5587,461.769,Dinamica_Top_Down
6000,23000,6373,552.702,Dinamica_Top_Down
7000,23000,6835,644.9,Dinamica_Top_Down
8000,23000,7470,738.982,Dinamica_Top_Down
9000,23000,8018,847.634,Dinamica_Top_Down
1000,24000,2365,111.634,Dinamica_Top_Down
2000,24000,3504,222.264,Dinamica_Top_Down
3000,24000,4620,334.611,Dinamica_Top_Down
4000,24000,4866,444.507,Dinamica_Top_Down
5000,24000,5761,562.455,Dinamica_Top_Down
6000,24000,5989,665.99,Dinamica_Top_Down
7000,24000,6974,781.725,Dinamica_Top_Down
8000,24000,6928,828.026,Dinamica_Top_Down
9000,24000,7422,880.321,Dinamica_Top_Down
1000,25000,2206,100.945,Dinamica_Top_Down
2000,25000,3429,200.47,Dinamica_Top_Down
3000,25000,4490,302.16,Dinamica_Top_Down
4000,25000,5084,403.451,Dinamica_Top_Down
5000,25000,4968,503.632,Dinamica_Top_Down
6000,25000,6977,603.141,Dinamica_Top_Down
7000,25000,6950,763.842,Dinamica_Top_Down
8000,25000,7682,928.115,Dinamica_Top_Down
9000,25000,7630,1039.4,Dinamica_Top_Down
1000,26000,2729,120.609,Dinamica_Top_Down
2000,26000,3665,241.961,Dinamica_Top_Down
3000,26000,4110,361.835,Dinamica_Top_Down
4000,26000,4895,482.832,Dinamica_Top_Down
5000,26000,5865,533.202,Dinamica_Top_Down
6000,26000,6266,626.848,Dinamica_Top_Down
7000,26000,6882,732.265,Dinamica_Top_Down
8000,26000,7426,839.879,Dinamica_Top_Down
9000,26000,8240,939.004,Dinamica_Top_Down
1000,27000,2190,110.784,Dinamica_Top_Down
2000,27000,3702,246.906,Dinamica_Top_Down
3000,27000,4128,374.777,Dinamica_Top_Down
4000,27000,4885,500.002,Dinamica_Top_Down
5000,27000,5268,624.874,Dinamica_Top_Down
6000,27000,6048,751.288,Dinamica_Top_Down
7000,27000,7123,875.502,Dinamica_Top_Down
8000,27000,6662,917.348,Dinamica_Top_Down
9000,27000,8218,983.561,Dinamica_Top_Down
1000,28000,2408,112.863,Dinamica_Top_Down
2000,28000,3519,225.248,Dinamica_Top_Down
3000,28000,4795,337.563,Dinamica_Top_Down
4000,28000,5233,450.524,Dinamica_Top_Down
5000,28000,5412,563.368,Dinamica_Top_Down
6000,28000,5945,697.863,Dinamica_Top_Down
7000,28000,6704,910.996,Dinamica_Top_Down
8000,28000,7543,1037.97,Dinamica_Top_Down
9000,28000,7494,1170.62,Dinamica_Top_Down
1000,29000,2555,133.675,Dinamica_Top_Down
2000,29000,3687,270.359,Dinamica_Top_Down
3000,29000,4723,352.363,Dinamica_Top_Down
4000,29000,5541,465.708,Dinamica_Top_Down
5000,29000,5869,583.434,Dinamica_Top_Down
6000,29000,5819,709.198,Dinamica_Top_Down
7000,29000,7394,815.442,Dinamica_Top_Down
8000,29000,7842,945.686,Dinamica_Top_Down
9000,29000,8671,1213.59,Dinamica_Top_Down
1000,30000,2521,139.637,Dinamica_Top_Down
2000,30000,3274,276.519,Dinamica_Top_Down
3000,30000,4391,416.612,Dinamica_Top_Down
4000,30000,5586,558.931,Dinamica_Top_Down
5000,30000,5430,695.208,Dinamica_Top_Down
6000,30000,6871,767.039,Dinamica_Top_Down
7000,30000,7158,842.998,Dinamica_Top_Down
8000,30000,7595,966.911,Dinamica_Top_Down
9000,30000,7572,1085.39,Dinamica_Top_Down
1000,31000,2484,124.742,Dinamica_Top_Down
2000,31000,3449,249.547,Dinamica_Top_Down
3000,31000,4298,429.672,Dinamica_Top_Down
4000,31000,5874,576.151,Dinamica_Top_Down
5000,31000,5251,719.023,Dinamica_Top_Down
6000,31000,6811,862.875,Dinamica_Top_Down
7000,31000,7131,1007.04,Dinamica_Top_Down
8000,31000,7559,1016.56,Dinamica_Top_Down
9000,31000,7026,1127.45,Dinamica_Top_Down
1000,32000,2386,128.792,Dinamica_Top_Down
2000,32000,3678,258.203,Dinamica_Top_Down
3000,32000,4715,386.598,Dinamica_Top_Down
4000,32000,4925,514.462,Dinamica_Top_Down
5000,32000,5515,664.984,Dinamica_Top_Down
6000,32000,6325,892.626,Dinamica_Top_Down
7000,32000,6695,1036.46,Dinamica_Top_Down
8000,32000,7121,1186.76,Dinamica_Top_Down
9000,32000,7989,1675.15,Dinamica_Top_Down
1000,33000,2171,209.816,Dinamica_Top_Down
2000,33000,3169,418.437,Dinamica_Top_Down
3000,33000,4123,625.553,Dinamica_Top_Down
4000,33000,4500,836.637,Dinamica_Top_Down
5000,33000,5312,939.428,Dinamica_Top_Down
6000,33000,6577,1038.42,Dinamica_Top_Down
7000,33000,5985,1210.45,Dinamica_Top_Down
8000,33000,7637,1341.73,Dinamica_Top_Down
9000,33000,8525,1373.71,Dinamica_Top_Down
1000,34000,2731,157.899,Dinamica_Top_Down
2000,34000,3431,314.332,Dinamica_Top_Down
3000,34000,4283,474.416,Dinamica_Top_Down
4000,34000,5050,630.667,Dinamica_Top_Down
5000,34000,6578,745.415,Dinamica_Top_Down
6000,34000,6020,824.295,Dinamica_Top_Down
7000,34000,6455,959.614,Dinamica_Top_Down
8000,34000,6625,1090.82,Dinamica_Top_Down
9000,34000,7506,1334.14,Dinamica_Top_Down
1000,35000,2488,164.284,Dinamica_Top_Down
2000,35000,3823,325.197,Dinamica_Top_Down
3000,35000,4724,486.908,Dinamica_Top_Down
4000,35000,5282,650.172,Dinamica_Top_Down
5000,35000,5785,811.489,Dinamica_Top_Down
6000,35000,6352,923.469,Dinamica_Top_Down
7000,35000,6158,983.662,Dinamica_Top_Down
8000,35000,6655,1129.71,Dinamica_Top_Down
9000,35000,7878,1267.02,Dinamica_Top_Down
1000,36000,2184,159.863,Dinamica_Top_Down
2000,36000,3365,334.154,Dinamica_Top_Down
3000,36000,4379,502.779,Dinamica_Top_Down
4000,36000,5051,669.018,Dinamica_Top_Down
5000,36000,5960,836.122,Dinamica_Top_Down
6000,36000,5929,1006.69,Dinamica_Top_Down
7000,36000,6785,1054.9,Dinamica_Top_Down
8000,36000,6539,1162.04,Dinamica_Top_Down
9000,36000,7837,1313.21,Dinamica_Top_Down
1000,37000,2412,149.007,Dinamica_Top_Down
2000,37000,3904,299.813,Dinamica_Top_Down
3000,37000,4292,504.844,Dinamica_Top_Down
4000,37000,4785,684.522,Dinamica_Top_Down
5000,37000,5817,856.413,Dinamica_Top_Down
6000,37000,6779,1026.9,Dinamica_Top_Down
7000,37000,6603,1357.78,Dinamica_Top_Down
8000,37000,7223,1883.44,Dinamica_Top_Down
9000,37000,8297,1968.78,Dinamica_Top_Down
1000,38000,2205,199.495,Dinamica_Top_Down
2000,38000,4239,397.209,Dinamica_Top_Down
3000,38000,4848,597.613,Dinamica_Top_Down
4000,38000,4804,793.774,Dinamica_Top_Down
5000,38000,6099,991.755,Dinamica_Top_Down
6000,38000,6344,1070.24,Dinamica_Top_Down
7000,38000,7010,1229.17,Dinamica_Top_Down
8000,38000,7647,1404.08,Dinamica_Top_Down
9000,38000,7628,1407.09,Dinamica_Top_Down
1000,39000,2928,157.104,Dinamica_Top_Down
2000,39000,3713,314.453,Dinamica_Top_Down
3000,39000,4546,471.109,Dinamica_Top_Down
4000,39000,4332,627.217,Dinamica_Top_Down
5000,39000,5874,785.902,Dinamica_Top_Down
6000,39000,5935,1057.7,Dinamica_Top_Down
7000,39000,5903,1264.22,Dinamica_Top_Down
8000,39000,7168,1443.27,Dinamica_Top_Down
9000,39000,8198,1435.31,Dinamica_Top_Down
1000,40000,2536,161.818,Dinamica_Top_Down
2000,40000,3814,322.422,Dinamica_Top_Down
3000,40000,4224,482.138,Dinamica_Top_Down
4000,40000,4775,642.748,Dinamica_Top_Down
5000,40000,5742,804.579,Dinamica_Top_Down
6000,40000,6217,1097.29,Dinamica_Top_Down
7000,40000,6644,1294.35,Dinamica_Top_Down
8000,40000,7035,1480.69,Dinamica_Top_Down
9000,40000,7919,2296.4,Dinamica_Top_Down
1000,41000,2634,260.294,Dinamica_Top_Down
2000,41000,3974,517.732,Dinamica_Top_Down
3000,41000,5056,775.051,Dinamica_Top_Down
4000,41000,5521,857.751,Dinamica_Top_Down
5000,41000,6022,1071.54,Dinamica_Top_Down
6000,41000,5823,1290.66,Dinamica_Top_Down
7000,41000,6404,1388.27,Dinamica_Top_Down
8000,41000,7160,1519.97,Dinamica_Top_Down
9000,41000,7730,1669.92,Dinamica_Top_Down
1000,42000,2751,168.997,Dinamica_Top_Down
2000,42000,3468,338.013,Dinamica_Top_Down
3000,42000,4617,506.232,Dinamica_Top_Down
4000,42000,4682,674.903,Dinamica_Top_Down
5000,42000,5894,848.011,Dinamica_Top_Down
6000,42000,7114,1022.07,Dinamica_Top_Down
7000,42000,7839,1363.97,Dinamica_Top_Down
8000,42000,7524,1564.2,Dinamica_Top_Down
9000,42000,7315,2099.31,Dinamica_Top_Down
1000,43000,2386,273.542,Dinamica_Top_Down
2000,43000,4029,543.729,Dinamica_Top_Down
3000,43000,4502,819.739,Dinamica_Top_Down
4000,43000,4863,1053.5,Dinamica_Top_Down
5000,43000,5764,1127,Dinamica_Top_Down
6000,43000,6459,1349.54,Dinamica_Top_Down
7000,43000,6499,1520.04,Dinamica_Top_Down
8000,43000,7213,1598.33,Dinamica_Top_Down
9000,43000,7705,1791.35,Dinamica_Top_Down
1000,44000,2496,176.845,Dinamica_Top_Down
2000,44000,3566,353.034,Dinamica_Top_Down
3000,44000,4240,531.112,Dinamica_Top_Down
4000,44000,4449,707.521,Dinamica_Top_Down
5000,44000,5793,883.998,Dinamica_Top_Down
6000,44000,6523,1066.15,Dinamica_Top_Down
7000,44000,6953,1426.72,Dinamica_Top_Down
8000,44000,6387,1631.82,Dinamica_Top_Down
9000,44000,7448,1699.76,Dinamica_Top_Down
1000,45000,2273,180.407,Dinamica_Top_Down
2000,45000,3636,362.178,Dinamica_Top_Down
3000,45000,4519,543.73,Dinamica_Top_Down
4000,45000,4854,725.082,Dinamica_Top_Down
5000,45000,6439,905.139,Dinamica_Top_Down
6000,45000,6790,1233.47,Dinamica_Top_Down
7000,45000,7246,1456.97,Dinamica_Top_Down
8000,45000,6485,1610.41,Dinamica_Top_Down
9000,45000,7414,1636.31,Dinamica_Top_Down
1000,46000,2167,185.333,Dinamica_Top_Down
2000,46000,3671,369.584,Dinamica_Top_Down
3000,46000,4973,557.153,Dinamica_Top_Down
4000,46000,5287,747.161,Dinamica_Top_Down
5000,46000,6853,1070.57,Dinamica_Top_Down
6000,46000,6473,1278.4,Dinamica_Top_Down
7000,46000,6549,1481.53,Dinamica_Top_Down
8000,46000,7574,1474.14,Dinamica_Top_Down
9000,46000,8363,1660.58,Dinamica_Top_Down
1000,47000,2317,189.071,Dinamica_Top_Down
2000,47000,3883,381.905,Dinamica_Top_Down
3000,47000,4034,652.102,Dinamica_Top_Down
4000,47000,4714,874.315,Dinamica_Top_Down
5000,47000,6128,1087.63,Dinamica_Top_Down
6000,47000,6600,1366.63,Dinamica_Top_Down
7000,47000,7575,2088.24,Dinamica_Top_Down
8000,47000,6407,2221.73,Dinamica_Top_Down
9000,47000,7406,2212.34,Dinamica_Top_Down
1000,48000,2393,249.678,Dinamica_Top_Down
2000,48000,3762,501.594,Dinamica_Top_Down
3000,48000,4052,674.112,Dinamica_Top_Down
4000,48000,4542,886.352,Dinamica_Top_Down
5000,48000,6053,1112.05,Dinamica_Top_Down
6000,48000,7135,1321.28,Dinamica_Top_Down
7000,48000,6646,1348.32,Dinamica_Top_Down
8000,48000,7272,1540.78,Dinamica_Top_Down
9000,48000,7841,1886.27,Dinamica_Top_Down
1000,49000,2446,227.926,Dinamica_Top_Down
2000,49000,3940,453.576,Dinamica_Top_Down
3000,49000,4213,680.022,Dinamica_Top_Down
4000,49000,4601,905.107,Dinamica_Top_Down
5000,49000,6652,1036,Dinamica_Top_Down
6000,49000,5839,1183.97,Dinamica_Top_Down
7000,49000,7263,1376.86,Dinamica_Top_Down
8000,49000,7848,1722.17,Dinamica_Top_Down
9000,49000,8100,2044.4,Dinamica_Top_Down
1000,50000,2821,231.221,Dinamica_Top_Down
2000,50000,3377,456.991,Dinamica_Top_Down
3000,50000,4640,603.382,Dinamica_Top_Down
4000,50000,4873,804.964,Dinamica_Top_Down
5000,50000,5481,991.308,Dinamica_Top_Down
6000,50000,6134,1210.71,Dinamica_Top_Down
7000,50000,6589,1603.84,Dinamica_Top_Down
8000,50000,7626,1848.53,Dinamica_Top_Down
9000,50000,8293,1867.66,Dinamica_Top_Down
1000,51000,2619,204.419,Dinamica_Top_Down
2000,51000,3408,409.448,Dinamica_Top_Down
3000,51000,4694,616.409,Dinamica_Top_Down
4000,51000,5069,822.041,Dinamica_Top_Down
5000,51000,5890,1128.45,Dinamica_Top_Down
6000,51000,6342,1423.69,Dinamica_Top_Down
7000,51000,6906,1649.83,Dinamica_Top_Down
8000,51000,7289,1641.63,Dinamica_Top_Down
9000,51000,8200,1843.26,Dinamica_Top_Down
1000,52000,2434,209.485,Dinamica_Top_Down
2000,52000,3053,474.078,Dinamica_Top_Down
3000,52000,4503,724.187,Dinamica_Top_Down
4000,52000,6075,964.91,Dinamica_Top_Down
5000,52000,5937,1206.45,Dinamica_Top_Down
6000,52000,6303,1791.72,Dinamica_Top_Down
7000,52000,6647,2299.21,Dinamica_Top_Down
8000,52000,6860,2207.13,Dinamica_Top_Down
9000,52000,8172,2391.61,Dinamica_Top_Down
1000,53000,2755,246.926,Dinamica_Top_Down
2000,53000,3564,488.35,Dinamica_Top_Down
3000,53000,4771,735.977,Dinamica_Top_Down
4000,53000,4654,982.571,Dinamica_Top_Down
5000,53000,5795,1165.8,Dinamica_Top_Down
6000,53000,6852,1281.59,Dinamica_Top_Down
7000,53000,6669,1491.88,Dinamica_Top_Down
8000,53000,7292,1870.57,Dinamica_Top_Down
9000,53000,7743,2231.09,Dinamica_Top_Down
1000,54000,2024,250.358,Dinamica_Top_Down
2000,54000,3617,443.604,Dinamica_Top_Down
3000,54000,4356,651.412,Dinamica_Top_Down
4000,54000,5818,869.853,Dinamica_Top_Down
5000,54000,5879,1084.19,Dinamica_Top_Down
6000,54000,6724,1377.85,Dinamica_Top_Down
7000,54000,6814,1747.91,Dinamica_Top_Down
8000,54000,6529,1939.26,Dinamica_Top_Down
9000,54000,7936,1963.61,Dinamica_Top_Down
1000,55000,2673,221.434,Dinamica_Top_Down
2000,55000,3932,441.722,Dinamica_Top_Down
3000,55000,4279,661.786,Dinamica_Top_Down
4000,55000,5639,1010,Dinamica_Top_Down
5000,55000,5926,1271.6,Dinamica_Top_Down
6000,55000,5587,1524.92,Dinamica_Top_Down
7000,55000,7160,1562.67,Dinamica_Top_Down
8000,55000,7508,1757.9,Dinamica_Top_Down
9000,55000,7457,1823.93,Dinamica_Top_Down
1000,56000,2540,199.297,Dinamica_Top_Down
2000,56000,4061,399.471,Dinamica_Top_Down
3000,56000,4614,600.97,Dinamica_Top_Down
4000,56000,4570,795.607,Dinamica_Top_Down
5000,56000,5622,1052.35,Dinamica_Top_Down
6000,56000,6629,1354.48,Dinamica_Top_Down
7000,56000,6459,1581.54,Dinamica_Top_Down
8000,56000,7626,2244.37,Dinamica_Top_Down
9000,56000,7669,2562.29,Dinamica_Top_Down
1000,57000,2544,263.778,Dinamica_Top_Down
2000,57000,3622,528.493,Dinamica_Top_Down
3000,57000,4123,792.505,Dinamica_Top_Down
4000,57000,5006,1060.75,Dinamica_Top_Down
5000,57000,5284,1219.43,Dinamica_Top_Down
6000,57000,6191,1377.01,Dinamica_Top_Down
7000,57000,6410,1606.99,Dinamica_Top_Down
8000,57000,7745,1636.43,Dinamica_Top_Down
9000,57000,7573,1827.74,Dinamica_Top_Down
1000,58000,3109,206.869,Dinamica_Top_Down
2000,58000,3356,426.869,Dinamica_Top_Down
3000,58000,4438,699.971,Dinamica_Top_Down
4000,58000,4915,937.032,Dinamica_Top_Down
5000,58000,5846,1162.97,Dinamica_Top_Down
6000,58000,6480,1343.7,Dinamica_Top_Down
7000,58000,6944,1437.53,Dinamica_Top_Down
8000,58000,6813,1648.1,Dinamica_Top_Down
9000,58000,7837,2067.33,Dinamica_Top_Down
1000,59000,2619,237.419,Dinamica_Top_Down
2000,59000,3829,475.473,Dinamica_Top_Down
3000,59000,4828,713.566,Dinamica_Top_Down
4000,59000,5747,908.857,Dinamica_Top_Down
5000,59000,5048,1048.9,Dinamica_Top_Down
6000,59000,6155,1258.54,Dinamica_Top_Down
7000,59000,6147,1504.05,Dinamica_Top_Down
8000,59000,6600,1895.59,Dinamica_Top_Down
9000,59000,7416,2076.79,Dinamica_Top_Down
1000,60000,2683,213.344,Dinamica_Top_Down
2000,60000,3873,426.613,Dinamica_Top_Down
3000,60000,4464,638.581,Dinamica_Top_Down
4000,60000,4874,852.346,Dinamica_Top_Down
5000,60000,5348,1069.89,Dinamica_Top_Down
6000,60000,6076,1439.28,Dinamica_Top_Down
7000,60000,7052,1689.15,Dinamica_Top_Down
8000,60000,7070,2265.41,Dinamica_Top_Down
9000,60000,8258,2771.57,Dinamica_Top_Down
1000,61000,2791,283.743,Dinamica_Top_Down
2000,61000,3919,565.136,Dinamica_Top_Down
3000,61000,4956,847.555,Dinamica_Top_Down
4000,61000,5377,1096.39,Dinamica_Top_Down
5000,61000,5799,1312.03,Dinamica_Top_Down
6000,61000,6602,1475.07,Dinamica_Top_Down
7000,61000,6852,1714.39,Dinamica_Top_Down
8000,61000,7795,1730.52,Dinamica_Top_Down
9000,61000,8045,1958.81,Dinamica_Top_Down
1000,62000,2687,242.631,Dinamica_Top_Down
2000,62000,3302,502.096,Dinamica_Top_Down
3000,62000,4070,747.603,Dinamica_Top_Down
4000,62000,4963,996.393,Dinamica_Top_Down
5000,62000,5952,1244.89,Dinamica_Top_Down
6000,62000,6336,1342.72,Dinamica_Top_Down
7000,62000,7277,1547.98,Dinamica_Top_Down
8000,62000,6552,1842.79,Dinamica_Top_Down
9000,62000,7352,2238.72,Dinamica_Top_Down
1000,63000,2579,254.656,Dinamica_Top_Down
2000,63000,3781,508.723,Dinamica_Top_Down
3000,63000,4568,670.545,Dinamica_Top_Down
4000,63000,4403,893.456,Dinamica_Top_Down
5000,63000,5390,1120.68,Dinamica_Top_Down
6000,63000,6245,1369.83,Dinamica_Top_Down
7000,63000,7253,1772.18,Dinamica_Top_Down
8000,63000,6449,2066.31,Dinamica_Top_Down
9000,63000,8216,2964.09,Dinamica_Top_Down
1000,64000,3233,336.019,Dinamica_Top_Down
2000,64000,3642,620.454,Dinamica_Top_Down
3000,64000,4805,904.572,Dinamica_Top_Down
4000,64000,5080,1192.93,Dinamica_Top_Down
5000,64000,5695,1474.14,Dinamica_Top_Down
6000,64000,6631,1547.62,Dinamica_Top_Down
7000,64000,6537,1804.81,Dinamica_Top_Down
8000,64000,6572,1854.91,Dinamica_Top_Down
9000,64000,7093,2054.77,Dinamica_Top_Down
1000,65000,2467,230.557,Dinamica_Top_Down
2000,65000,3834,519.007,Dinamica_Top_Down
3000,65000,4502,786.73,Dinamica_Top_Down
4000,65000,5121,1046.45,Dinamica_Top_Down
5000,65000,5085,1306.64,Dinamica_Top_Down
6000,65000,6165,1405.24,Dinamica_Top_Down
7000,65000,7186,1618.14,Dinamica_Top_Down
8000,65000,7474,1957.23,Dinamica_Top_Down
9000,65000,7145,2356.75,Dinamica_Top_Down
1000,66000,2161,264.994,Dinamica_Top_Down
2000,66000,3936,493.122,Dinamica_Top_Down
3000,66000,4592,703.058,Dinamica_Top_Down
4000,66000,4753,936.201,Dinamica_Top_Down
5000,66000,5258,1172.97,Dinamica_Top_Down
6000,66000,6081,1493.83,Dinamica_Top_Down
7000,66000,6435,1858.86,Dinamica_Top_Down
8000,66000,7711,2015.58,Dinamica_Top_Down
9000,66000,7471,2113.02,Dinamica_Top_Down
1000,67000,2116,237.704,Dinamica_Top_Down
2000,67000,3403,477.896,Dinamica_Top_Down
3000,67000,3948,790.323,Dinamica_Top_Down
4000,67000,5713,1074.88,Dinamica_Top_Down
5000,67000,6074,1354.83,Dinamica_Top_Down
6000,67000,6470,1889.93,Dinamica_Top_Down
7000,67000,6777,2455.7,Dinamica_Top_Down
8000,67000,8084,2502.91,Dinamica_Top_Down
9000,67000,7763,2629.52,Dinamica_Top_Down
1000,68000,2494,274.286,Dinamica_Top_Down
2000,68000,3813,549.447,Dinamica_Top_Down
3000,68000,4311,822.247,Dinamica_Top_Down
4000,68000,5300,1106.97,Dinamica_Top_Down
5000,68000,5732,1573.59,Dinamica_Top_Down
6000,68000,6438,1897.27,Dinamica_Top_Down
7000,68000,6911,1957.39,Dinamica_Top_Down
8000,68000,7723,2204.1,Dinamica_Top_Down
9000,68000,7488,2836.09,Dinamica_Top_Down
1000,69000,2344,320.284,Dinamica_Top_Down
2000,69000,3819,637.753,Dinamica_Top_Down
3000,69000,4087,836.231,Dinamica_Top_Down
4000,69000,4631,1109.41,Dinamica_Top_Down
5000,69000,5624,1387.95,Dinamica_Top_Down
6000,69000,5958,1515.81,Dinamica_Top_Down
7000,69000,6426,1729.79,Dinamica_Top_Down
8000,69000,6769,2082.53,Dinamica_Top_Down
9000,69000,7750,2506.49,Dinamica_Top_Down
1000,70000,2767,284.545,Dinamica_Top_Down
2000,70000,3488,737.585,Dinamica_Top_Down
3000,70000,4448,1098.86,Dinamica_Top_Down
4000,70000,5307,1464.37,Dinamica_Top_Down
5000,70000,5323,1681.05,Dinamica_Top_Down
6000,70000,5726,1942.79,Dinamica_Top_Down
7000,70000,7212,2059.04,Dinamica_Top_Down
8000,70000,6877,2252.66,Dinamica_Top_Down
9000,70000,6800,2275.51,Dinamica_Top_Down
1000,71000,2907,252.661,Dinamica_Top_Down
2000,71000,3953,506.056,Dinamica_Top_Down
3000,71000,4496,764.594,Dinamica_Top_Down
4000,71000,5089,1116.68,Dinamica_Top_Down
5000,71000,6094,1430.02,Dinamica_Top_Down
6000,71000,5996,1685.91,Dinamica_Top_Down
7000,71000,6264,1778.54,Dinamica_Top_Down
8000,71000,6348,2026.5,Dinamica_Top_Down
9000,71000,7868,2571.64,Dinamica_Top_Down
1000,72000,2478,289.471,Dinamica_Top_Down
2000,72000,3735,580.601,Dinamica_Top_Down
3000,72000,4148,797.99,Dinamica_Top_Down
4000,72000,5675,1021.22,Dinamica_Top_Down
5000,72000,5570,1279.86,Dinamica_Top_Down
6000,72000,6689,1609.07,Dinamica_Top_Down
7000,72000,7445,2039,Dinamica_Top_Down
8000,72000,7112,2183.86,Dinamica_Top_Down
9000,72000,7872,2312.39,Dinamica_Top_Down
1000,73000,2269,259.908,Dinamica_Top_Down
2000,73000,3687,563.942,Dinamica_Top_Down
3000,73000,4127,878.668,Dinamica_Top_Down
4000,73000,5299,1175.2,Dinamica_Top_Down
5000,73000,5858,1473.21,Dinamica_Top_Down
6000,73000,5523,2308.72,Dinamica_Top_Down
7000,73000,7103,2526.4,Dinamica_Top_Down
8000,73000,7537,2701.74,Dinamica_Top_Down
9000,73000,8833,2642.38,Dinamica_Top_Down
1000,74000,1889,299.569,Dinamica_Top_Down
2000,74000,3371,600.575,Dinamica_Top_Down
3000,74000,4001,827.276,Dinamica_Top_Down
4000,74000,5733,1053.66,Dinamica_Top_Down
5000,74000,6662,1316.81,Dinamica_Top_Down
6000,74000,6023,1674.83,Dinamica_Top_Down
7000,74000,7217,2085.63,Dinamica_Top_Down
8000,74000,7318,2220.88,Dinamica_Top_Down
9000,74000,7872,2371.85,Dinamica_Top_Down
1000,75000,2796,270.11,Dinamica_Top_Down
2000,75000,3876,604.64,Dinamica_Top_Down
3000,75000,4474,909.836,Dinamica_Top_Down
4000,75000,4800,1215.92,Dinamica_Top_Down
5000,75000,5665,1634.89,Dinamica_Top_Down
6000,75000,6306,2371.87,Dinamica_Top_Down
7000,75000,6797,2536.7,Dinamica_Top_Down
8000,75000,7316,2697.4,Dinamica_Top_Down
9000,75000,6928,2722.65,Dinamica_Top_Down
1000,76000,2583,304.493,Dinamica_Top_Down
2000,76000,3462,572.364,Dinamica_Top_Down
3000,76000,4616,814.452,Dinamica_Top_Down
4000,76000,4608,1084,Dinamica_Top_Down
5000,76000,5805,1354.65,Dinamica_Top_Down
6000,76000,6538,1803.33,Dinamica_Top_Down
7000,76000,6692,2138.61,Dinamica_Top_Down
8000,76000,6815,2190.72,Dinamica_Top_Down
9000,76000,7831,2504.9,Dinamica_Top_Down
1000,77000,2558,309.963,Dinamica_Top_Down
2000,77000,3581,619.698,Dinamica_Top_Down
3000,77000,4682,926.902,Dinamica_Top_Down
4000,77000,5542,1241.36,Dinamica_Top_Down
5000,77000,5698,1374.29,Dinamica_Top_Down
6000,77000,6374,1641.91,Dinamica_Top_Down
7000,77000,7040,2058.16,Dinamica_Top_Down
8000,77000,7201,2488.76,Dinamica_Top_Down
9000,77000,7844,3607.05,Dinamica_Top_Down
1000,78000,2215,399.4,Dinamica_Top_Down
2000,78000,2881,722.511,Dinamica_Top_Down
3000,78000,4382,1084.32,Dinamica_Top_Down
4000,78000,5900,1446.23,Dinamica_Top_Down
5000,78000,5932,1628.12,Dinamica_Top_Down
6000,78000,7559,1887,Dinamica_Top_Down
7000,78000,7019,2046.35,Dinamica_Top_Down
8000,78000,7715,2220.67,Dinamica_Top_Down
9000,78000,7831,2782.73,Dinamica_Top_Down
1000,79000,2844,318.294,Dinamica_Top_Down
2000,79000,3322,636.894,Dinamica_Top_Down
3000,79000,3730,1109.97,Dinamica_Top_Down
4000,79000,5207,1650.89,Dinamica_Top_Down
5000,79000,5108,2001.51,Dinamica_Top_Down
6000,79000,6397,2208.9,Dinamica_Top_Down
7000,79000,6513,2387.08,Dinamica_Top_Down
8000,79000,6571,2539.37,Dinamica_Top_Down
9000,79000,7252,2530.75,Dinamica_Top_Down
1000,80000,2688,287.686,Dinamica_Top_Down
2000,80000,3900,568.047,Dinamica_Top_Down
3000,80000,4141,897.029,Dinamica_Top_Down
4000,80000,5747,1286.34,Dinamica_Top_Down
5000,80000,5958,1619.5,Dinamica_Top_Down
6000,80000,6362,1765.65,Dinamica_Top_Down
7000,80000,6612,1994.56,Dinamica_Top_Down
8000,80000,7204,2515.85,Dinamica_Top_Down
9000,80000,8017,2783.39,Dinamica_Top_Down
1000,81000,2437,288.293,Dinamica_Top_Down
2000,81000,3759,575.53,Dinamica_Top_Down
3000,81000,4582,871.898,Dinamica_Top_Down
4000,81000,5140,1160.09,Dinamica_Top_Down
5000,81000,5836,1638.69,Dinamica_Top_Down
6000,81000,5941,1955.91,Dinamica_Top_Down
7000,81000,7593,2046.25,Dinamica_Top_Down
8000,81000,7204,2339.18,Dinamica_Top_Down
9000,81000,8532,2927.13,Dinamica_Top_Down
1000,82000,2447,332.729,Dinamica_Top_Down
2000,82000,3875,616.953,Dinamica_Top_Down
3000,82000,4606,876.826,Dinamica_Top_Down
4000,82000,5087,1166.06,Dinamica_Top_Down
5000,82000,5878,1465,Dinamica_Top_Down
6000,82000,6316,1982.85,Dinamica_Top_Down
7000,82000,7128,2441.84,Dinamica_Top_Down
8000,82000,7058,3407.36,Dinamica_Top_Down
9000,82000,7553,3436.3,Dinamica_Top_Down
1000,83000,3004,365.187,Dinamica_Top_Down
2000,83000,3484,670.256,Dinamica_Top_Down
3000,83000,4706,1001.87,Dinamica_Top_Down
4000,83000,5429,1340.02,Dinamica_Top_Down
5000,83000,5191,1554.89,Dinamica_Top_Down
6000,83000,6177,1771.85,Dinamica_Top_Down
7000,83000,7582,2180.09,Dinamica_Top_Down
8000,83000,7217,2674.27,Dinamica_Top_Down
9000,83000,7652,2689.42,Dinamica_Top_Down
1000,84000,2817,298.964,Dinamica_Top_Down
2000,84000,3415,600.064,Dinamica_Top_Down
3000,84000,4196,956.91,Dinamica_Top_Down
4000,84000,4338,1353.4,Dinamica_Top_Down
5000,84000,5557,1691.78,Dinamica_Top_Down
6000,84000,6589,1812.35,Dinamica_Top_Down
7000,84000,6897,2087.27,Dinamica_Top_Down
8000,84000,7636,2684.7,Dinamica_Top_Down
9000,84000,7904,2839.62,Dinamica_Top_Down
1000,85000,2430,302.17,Dinamica_Top_Down
2000,85000,3637,601.32,Dinamica_Top_Down
3000,85000,4778,908.768,Dinamica_Top_Down
4000,85000,5049,1300.18,Dinamica_Top_Down
5000,85000,5995,1711.18,Dinamica_Top_Down
6000,85000,5322,1966.49,Dinamica_Top_Down
7000,85000,7198,2117.94,Dinamica_Top_Down
8000,85000,7285,2590.89,Dinamica_Top_Down
9000,85000,7711,3306.47,Dinamica_Top_Down
1000,86000,2505,450.032,Dinamica_Top_Down
2000,86000,3552,900.244,Dinamica_Top_Down
3000,86000,3914,1354.03,Dinamica_Top_Down
4000,86000,4997,1603.74,Dinamica_Top_Down
5000,86000,6152,2004.32,Dinamica_Top_Down
6000,86000,6076,2123.32,Dinamica_Top_Down
7000,86000,6525,2385.03,Dinamica_Top_Down
8000,86000,7585,2448.99,Dinamica_Top_Down
9000,86000,7742,2966.98,Dinamica_Top_Down
1000,87000,2427,351.118,Dinamica_Top_Down
2000,87000,3422,705.413,Dinamica_Top_Down
3000,87000,4486,1030.15,Dinamica_Top_Down
4000,87000,5030,1235.93,Dinamica_Top_Down
5000,87000,5609,1545.15,Dinamica_Top_Down
6000,87000,6757,1980.83,Dinamica_Top_Down
7000,87000,6587,2439.82,Dinamica_Top_Down
8000,87000,7199,2498.46,Dinamica_Top_Down
9000,87000,7454,2935.55,Dinamica_Top_Down
1000,88000,2313,354.148,Dinamica_Top_Down
2000,88000,3378,705.488,Dinamica_Top_Down
3000,88000,4219,1067.91,Dinamica_Top_Down
4000,88000,5294,1297.06,Dinamica_Top_Down
5000,88000,5664,1567.26,Dinamica_Top_Down
6000,88000,6218,1942.64,Dinamica_Top_Down
7000,88000,6853,2477.81,Dinamica_Top_Down
8000,88000,7078,2584.55,Dinamica_Top_Down
9000,88000,8430,2902.16,Dinamica_Top_Down
1000,89000,2375,358.398,Dinamica_Top_Down
2000,89000,3813,718.824,Dinamica_Top_Down
3000,89000,4684,1074.53,Dinamica_Top_Down
4000,89000,4947,1362.94,Dinamica_Top_Down
5000,89000,5262,1584.8,Dinamica_Top_Down
6000,89000,5715,1930.49,Dinamica_Top_Down
7000,89000,6616,2508.63,Dinamica_Top_Down
8000,89000,7246,2656.72,Dinamica_Top_Down
9000,89000,7520,2911.37,Dinamica_Top_Down
1000,90000,2621,361.579,Dinamica_Top_Down
2000,90000,2996,724.197,Dinamica_Top_Down
3000,90000,4109,1097.79,Dinamica_Top_Down
4000,90000,4796,1400.17,Dinamica_Top_Down
5000,90000,5544,1601.84,Dinamica_Top_Down
6000,90000,6736,1921.91,Dinamica_Top_Down
7000,90000,6486,2532.2,Dinamica_Top_Down
8000,90000,6978,2696.74,Dinamica_Top_Down
9000,90000,7110,2955.25,Dinamica_Top_Down
1000,91000,2700,366.237,Dinamica_Top_Down
2000,91000,3599,733.931,Dinamica_Top_Down
3000,91000,4839,1092.42,Dinamica_Top_Down
4000,91000,4782,1414.19,Dinamica_Top_Down
5000,91000,5294,1619.49,Dinamica_Top_Down
6000,91000,5965,1949.29,Dinamica_Top_Down
7000,91000,6386,2566,Dinamica_Top_Down
8000,91000,7418,2717.26,Dinamica_Top_Down
9000,91000,7889,2982.44,Dinamica_Top_Down
1000,92000,2699,369.5,Dinamica_Top_Down
2000,92000,3789,741.584,Dinamica_Top_Down
3000,92000,4010,1111.83,Dinamica_Top_Down
4000,92000,4859,1657.66,Dinamica_Top_Down
5000,92000,5203,2409.8,Dinamica_Top_Down
6000,92000,6686,2624.66,Dinamica_Top_Down
7000,92000,6573,2854.63,Dinamica_Top_Down
8000,92000,7330,2957.76,Dinamica_Top_Down
9000,92000,7170,2941.26,Dinamica_Top_Down
1000,93000,2443,332.823,Dinamica_Top_Down
2000,93000,3739,687.225,Dinamica_Top_Down
3000,93000,4828,1143.47,Dinamica_Top_Down
4000,93000,5757,1497.63,Dinamica_Top_Down
5000,93000,5650,1762.83,Dinamica_Top_Down
6000,93000,5875,1983.87,Dinamica_Top_Down
7000,93000,7251,2476.82,Dinamica_Top_Down
8000,93000,7401,2936.45,Dinamica_Top_Down
9000,93000,7569,2971.19,Dinamica_Top_Down
1000,94000,2001,333.933,Dinamica_Top_Down
2000,94000,3432,753.375,Dinamica_Top_Down
3000,94000,4221,1136.06,Dinamica_Top_Down
4000,94000,5025,1511.79,Dinamica_Top_Down
5000,94000,6254,2322.44,Dinamica_Top_Down
6000,94000,5652,2852.64,Dinamica_Top_Down
7000,94000,6773,3053.67,Dinamica_Top_Down
8000,94000,6790,3021.88,Dinamica_Top_Down
9000,94000,7988,3095.93,Dinamica_Top_Down
1000,95000,2601,337.452,Dinamica_Top_Down
2000,95000,3109,675.65,Dinamica_Top_Down
3000,95000,4343,1081.1,Dinamica_Top_Down
4000,95000,5055,1524.24,Dinamica_Top_Down
5000,95000,6523,1957.44,Dinamica_Top_Down
6000,95000,5698,2971.19,Dinamica_Top_Down
7000,95000,6805,3154.89,Dinamica_Top_Down
8000,95000,7233,3227.1,Dinamica_Top_Down
9000,95000,7125,3259.69,Dinamica_Top_Down
1000,96000,2807,340.848,Dinamica_Top_Down
2000,96000,3589,681.974,Dinamica_Top_Down
3000,96000,4797,1023.09,Dinamica_Top_Down
4000,96000,4813,1485.64,Dinamica_Top_Down
5000,96000,5368,1927.36,Dinamica_Top_Down
6000,96000,6384,2146.36,Dinamica_Top_Down
7000,96000,7455,2394.94,Dinamica_Top_Down
8000,96000,7127,3084.78,Dinamica_Top_Down
9000,96000,8278,3179.07,Dinamica_Top_Down
1000,97000,2285,347.188,Dinamica_Top_Down
2000,97000,3119,688.429,Dinamica_Top_Down
3000,97000,4456,1098.25,Dinamica_Top_Down
4000,97000,5206,1561.26,Dinamica_Top_Down
5000,97000,5636,1928.8,Dinamica_Top_Down
6000,97000,5695,2069.09,Dinamica_Top_Down
7000,97000,6742,2522.71,Dinamica_Top_Down
8000,97000,7183,3171.82,Dinamica_Top_Down
9000,97000,8439,4459.13,Dinamica_Top_Down
1000,98000,2187,451.944,Dinamica_Top_Down
2000,98000,3441,907.194,Dinamica_Top_Down
3000,98000,4788,1369.52,Dinamica_Top_Down
4000,98000,4741,1594.85,Dinamica_Top_Down
5000,98000,5380,1967.44,Dinamica_Top_Down
6000,98000,7440,2140.07,Dinamica_Top_Down
7000,98000,6871,2476.96,Dinamica_Top_Down
8000,98000,7245,3168.26,Dinamica_Top_Down
9000,98000,8563,3183.16,Dinamica_Top_Down
1000,99000,2553,351.311,Dinamica_Top_Down
2000,99000,3619,708.739,Dinamica_Top_Down
3000,99000,3795,1198.05,Dinamica_Top_Down
4000,99000,4973,1595.99,Dinamica_Top_Down
5000,99000,5913,1894.85,Dinamica_Top_Down
6000,99000,6868,2113.2,Dinamica_Top_Down
7000,99000,7684,2672.65,Dinamica_Top_Down
8000,99000,6660,3045.28,Dinamica_Top_Down
9000,99000,7229,3189.64,Dinamica_Top_Down
10000,100000,8582,3591.37,Dinamica_Top_Down
10000,100000,7812,4504.57,Dinamica_Top_Down
